Ana Souza;ana.souza@empresa.com.br
Bruno Lima;bruno.lima@empresa.com.br
Carla Mendes;carla.mendes@empresa.com.br
Diego Santos;diego.santos@empresa.com.br
Fernanda Alves;fernanda.alves@empresa.com.br
Gabriel Costa;gabriel.costa@empresa.com.br
Helena Rocha;helena.rocha@empresa.com.br
Igor Martins;igor.martins@empresa.com.br
Juliana Freitas;juliana.freitas@empresa.com.br
Kevin Ramos;kevin.ramos@empresa.com.br
Larissa Duarte;larissa.duarte@empresa.com.br
Marcelo Teixeira;marcelo.teixeira@empresa.com.br
Natália Borges;natália.borges@empresa.com.br
Otávio Nogueira;otávio.nogueira@empresa.com.br
Patrícia Mendes;patrícia.mendes@empresa.com.br
Ricardo Almeida;ricardo.almeida@empresa.com.br
Sabrina Castro;sabrina.castro@empresa.com.br
Tiago Fernandes;tiago.fernandes@empresa.com.br
Ursula Xavier;ursula.xavier@empresa.com.br
Vinícius Lopes;vinícius.lopes@empresa.com.br
Ana Souza;ana.souza@empresa.com.br
Bruno Lima;bruno.lima@empresa.com.br
Carla Mendes;carla.mendes@empresa.com.br
Diego Santos;diego.santos@empresa.com.br
Fernanda Alves;fernanda.alves@empresa.com.br
Gabriel Costa;gabriel.costa@empresa.com.br
Helena Rocha;helena.rocha@empresa.com.br
Igor Martins;igor.martins@empresa.com.br
Juliana Freitas;juliana.freitas@empresa.com.br
Kevin Ramos;kevin.ramos@empresa.com.br
Larissa Duarte;larissa.duarte@empresa.com.br
Marcelo Teixeira;marcelo.teixeira@empresa.com.br
Natália Borges;natália.borges@empresa.com.br
Otávio Nogueira;otávio.nogueira@empresa.com.br
Patrícia Mendes;patrícia.mendes@empresa.com.br
Ricardo Almeida;ricardo.almeida@empresa.com.br
Sabrina Castro;sabrina.castro@empresa.com.br
Tiago Fernandes;tiago.fernandes@empresa.com.br
Ursula Xavier;ursula.xavier@empresa.com.br
Vinícius Lopes;vinícius.lopes@empresa.com.br
Ana Souza;ana.souza@empresa.com.br
Bruno Lima;bruno.lima@empresa.com.br
Carla Mendes;carla.mendes@empresa.com.br
Diego Santos;diego.santos@empresa.com.br
Fernanda Alves;fernanda.alves@empresa.com.br
Gabriel Costa;gabriel.costa@empresa.com.br
Helena Rocha;helena.rocha@empresa.com.br
Igor Martins;igor.martins@empresa.com.br
Juliana Freitas;juliana.freitas@empresa.com.br
Kevin Ramos;kevin.ramos@empresa.com.br
Larissa Duarte;larissa.duarte@empresa.com.br
Marcelo Teixeira;marcelo.teixeira@empresa.com.br
Natália Borges;natália.borges@empresa.com.br
Otávio Nogueira;otávio.nogueira@empresa.com.br
Patrícia Mendes;patrícia.mendes@empresa.com.br
Ricardo Almeida;ricardo.almeida@empresa.com.br
Sabrina Castro;sabrina.castro@empresa.com.br
Tiago Fernandes;tiago.fernandes@empresa.com.br
Ursula Xavier;ursula.xavier@empresa.com.br
Vinícius Lopes;vinícius.lopes@empresa.com.br
Ana Souza;ana.souza@empresa.com.br
Bruno Lima;bruno.lima@empresa.com.br
Carla Mendes;carla.mendes@empresa.com.br
Diego Santos;diego.santos@empresa.com.br
Fernanda Alves;fernanda.alves@empresa.com.br
Gabriel Costa;gabriel.costa@empresa.com.br
Helena Rocha;helena.rocha@empresa.com.br
Igor Martins;igor.martins@empresa.com.br
Juliana Freitas;juliana.freitas@empresa.com.br
Kevin Ramos;kevin.ramos@empresa.com.br
Larissa Duarte;larissa.duarte@empresa.com.br
Marcelo Teixeira;marcelo.teixeira@empresa.com.br
Natália Borges;natália.borges@empresa.com.br
Otávio Nogueira;otávio.nogueira@empresa.com.br
Patrícia Mendes;patrícia.mendes@empresa.com.br
Ricardo Almeida;ricardo.almeida@empresa.com.br
Sabrina Castro;sabrina.castro@empresa.com.br
Tiago Fernandes;tiago.fernandes@empresa.com.br
Ursula Xavier;ursula.xavier@empresa.com.br
Vinícius Lopes;vinícius.lopes@empresa.com.br
Ana Souza;ana.souza@empresa.com.br
Bruno Lima;bruno.lima@empresa.com.br
Carla Mendes;carla.mendes@empresa.com.br
Diego Santos;diego.santos@empresa.com.br
Fernanda Alves;fernanda.alves@empresa.com.br
Gabriel Costa;gabriel.costa@empresa.com.br
Helena Rocha;helena.rocha@empresa.com.br
Igor Martins;igor.martins@empresa.com.br
Juliana Freitas;juliana.freitas@empresa.com.br
Kevin Ramos;kevin.ramos@empresa.com.br
Larissa Duarte;larissa.duarte@empresa.com.br
Marcelo Teixeira;marcelo.teixeira@empresa.com.br
Natália Borges;natália.borges@empresa.com.br
Otávio Nogueira;otávio.nogueira@empresa.com.br
Patrícia Mendes;patrícia.mendes@empresa.com.br
Ricardo Almeida;ricardo.almeida@empresa.com.br
Sabrina Castro;sabrina.castro@empresa.com.br
Tiago Fernandes;tiago.fernandes@empresa.com.br
Ursula Xavier;ursula.xavier@empresa.com.br
Vinícius Lopes;vinícius.lopes@empresa.com.br
Ana Souza;ana.souza@empresa.com.br
Bruno Lima;bruno.lima@empresa.com.br
Carla Mendes;carla.mendes@empresa.com.br
Diego Santos;diego.santos@empresa.com.br
Fernanda Alves;fernanda.alves@empresa.com.br
Gabriel Costa;gabriel.costa@empresa.com.br
Helena Rocha;helena.rocha@empresa.com.br
Igor Martins;igor.martins@empresa.com.br
Juliana Freitas;juliana.freitas@empresa.com.br
Kevin Ramos;kevin.ramos@empresa.com.br
Larissa Duarte;larissa.duarte@empresa.com.br
Marcelo Teixeira;marcelo.teixeira@empresa.com.br
Natália Borges;natália.borges@empresa.com.br
Otávio Nogueira;otávio.nogueira@empresa.com.br
Patrícia Mendes;patrícia.mendes@empresa.com.br
Ricardo Almeida;ricardo.almeida@empresa.com.br
Sabrina Castro;sabrina.castro@empresa.com.br
Tiago Fernandes;tiago.fernandes@empresa.com.br
Ursula Xavier;ursula.xavier@empresa.com.br
Vinícius Lopes;vinícius.lopes@empresa.com.br
Ana Souza;ana.souza@empresa.com.br
Bruno Lima;bruno.lima@empresa.com.br
Carla Mendes;carla.mendes@empresa.com.br
Diego Santos;diego.santos@empresa.com.br
Fernanda Alves;fernanda.alves@empresa.com.br
Gabriel Costa;gabriel.costa@empresa.com.br
Helena Rocha;helena.rocha@empresa.com.br
Igor Martins;igor.martins@empresa.com.br
Juliana Freitas;juliana.freitas@empresa.com.br
Kevin Ramos;kevin.ramos@empresa.com.br
Larissa Duarte;larissa.duarte@empresa.com.br
Marcelo Teixeira;marcelo.teixeira@empresa.com.br
Natália Borges;natália.borges@empresa.com.br
Otávio Nogueira;otávio.nogueira@empresa.com.br
Patrícia Mendes;patrícia.mendes@empresa.com.br
Ricardo Almeida;ricardo.almeida@empresa.com.br
Sabrina Castro;sabrina.castro@empresa.com.br
Tiago Fernandes;tiago.fernandes@empresa.com.br
Ursula Xavier;ursula.xavier@empresa.com.br
Vinícius Lopes;vinícius.lopes@empresa.com.br
Ana Souza;ana.souza@empresa.com.br
Bruno Lima;bruno.lima@empresa.com.br
Carla Mendes;carla.mendes@empresa.com.br
Diego Santos;diego.santos@empresa.com.br
Fernanda Alves;fernanda.alves@empresa.com.br
Gabriel Costa;gabriel.costa@empresa.com.br
Helena Rocha;helena.rocha@empresa.com.br
Igor Martins;igor.martins@empresa.com.br
Juliana Freitas;juliana.freitas@empresa.com.br
Kevin Ramos;kevin.ramos@empresa.com.br
Larissa Duarte;larissa.duarte@empresa.com.br
Marcelo Teixeira;marcelo.teixeira@empresa.com.br
Natália Borges;natália.borges@empresa.com.br
Otávio Nogueira;otávio.nogueira@empresa.com.br
Patrícia Mendes;patrícia.mendes@empresa.com.br
Ricardo Almeida;ricardo.almeida@empresa.com.br
Sabrina Castro;sabrina.castro@empresa.com.br
Tiago Fernandes;tiago.fernandes@empresa.com.br
Ursula Xavier;ursula.xavier@empresa.com.br
Vinícius Lopes;vinícius.lopes@empresa.com.br
Ana Souza;ana.souza@empresa.com.br
Bruno Lima;bruno.lima@empresa.com.br
Carla Mendes;carla.mendes@empresa.com.br
Diego Santos;diego.santos@empresa.com.br
Fernanda Alves;fernanda.alves@empresa.com.br
Gabriel Costa;gabriel.costa@empresa.com.br
Helena Rocha;helena.rocha@empresa.com.br
Igor Martins;igor.martins@empresa.com.br
Juliana Freitas;juliana.freitas@empresa.com.br
Kevin Ramos;kevin.ramos@empresa.com.br
Larissa Duarte;larissa.duarte@empresa.com.br
Marcelo Teixeira;marcelo.teixeira@empresa.com.br
Natália Borges;natália.borges@empresa.com.br
Otávio Nogueira;otávio.nogueira@empresa.com.br
Patrícia Mendes;patrícia.mendes@empresa.com.br
Ricardo Almeida;ricardo.almeida@empresa.com.br
Sabrina Castro;sabrina.castro@empresa.com.br
Tiago Fernandes;tiago.fernandes@empresa.com.br
Ursula Xavier;ursula.xavier@empresa.com.br
Vinícius Lopes;vinícius.lopes@empresa.com.br
Ana Souza;ana.souza@empresa.com.br
Bruno Lima;bruno.lima@empresa.com.br
Carla Mendes;carla.mendes@empresa.com.br
Diego Santos;diego.santos@empresa.com.br
Fernanda Alves;fernanda.alves@empresa.com.br
Gabriel Costa;gabriel.costa@empresa.com.br
Helena Rocha;helena.rocha@empresa.com.br
Igor Martins;igor.martins@empresa.com.br
Juliana Freitas;juliana.freitas@empresa.com.br
Kevin Ramos;kevin.ramos@empresa.com.br
Larissa Duarte;larissa.duarte@empresa.com.br
Marcelo Teixeira;marcelo.teixeira@empresa.com.br
Natália Borges;natália.borges@empresa.com.br
Otávio Nogueira;otávio.nogueira@empresa.com.br
Patrícia Mendes;patrícia.mendes@empresa.com.br
Ricardo Almeida;ricardo.almeida@empresa.com.br
Sabrina Castro;sabrina.castro@empresa.com.br
Tiago Fernandes;tiago.fernandes@empresa.com.br
Ursula Xavier;ursula.xavier@empresa.com.br
Vinícius Lopes;vinícius.lopes@empresa.com.br